<SCENE>

  <!-- Initial values -->
  <INITIALS>
    <frustum near="0.1" far="500"/>
    <translation x="0" y="1.5" z="0" />
    <rotation axis="x" angle="0" />
    <rotation axis="y" angle="0" />
    <rotation axis="z" angle="0" />
    <scale sx="0.35" sy="0.35" sz="0.35" />
    <reference length="5" />
  </INITIALS>


  <!-- Illumination and clear colour -->
  <ILLUMINATION>
    <ambient r="0.1" g="0.1" b="0.1" a="1" />
    <background r="0" g="0" b="0" a="1" />
  </ILLUMINATION>


  <!-- Lights -->
  <LIGHTS>

    <LIGHT id="light0">
      <enable value ="1" />
      <position  x="0" y="10" z="0" w="1.0" />
      <ambient r="0.1" g="0.1" b="0.1" a="1.0" />
      <diffuse r="1.0" g="1.0" b="1.0" a="1.0" />
      <specular r="0.7" g="0.7" b="0.7" a="1.0" />
    </LIGHT>

    <LIGHT id="light1">
      <enable value ="1" />
      <position  x="10" y="10" z="0" w="1.0" />
      <ambient r="0.1" g="0.1" b="0.1" a="1.0" />
      <diffuse r="1.0" g="1.0" b="1.0" a="1.0" />
      <specular r="0.7" g="0.7" b="0.7" a="1.0" />
    </LIGHT>

    <LIGHT id="light2">
      <enable value ="1" />
      <position  x="10" y="10" z="10" w="1.0" />
      <ambient r="0.1" g="0.1" b="0.1" a="1.0" />
      <diffuse r="1.0" g="1.0" b="1.0" a="1.0" />
      <specular r="0.7" g="0.7" b="0.7" a="1.0" />
    </LIGHT>

    <LIGHT id="light3">
      <enable value ="1" />
      <position  x="0" y="10" z="10" w="1.0" />
      <ambient r="0.1" g="0.1" b="0.1" a="1.0" />
      <diffuse r="1.0" g="1.0" b="1.0" a="1.0" />
      <specular r="0.7" g="0.7" b="0.7" a="1.0" />
    </LIGHT>

  </LIGHTS>

  <!-- Textures -->
  <TEXTURES>
    <!-- Debug texture  texture -->
    <!-- If this is applied something is wrong! -->
    <TEXTURE id="debug">
      <file path="images/pink.jpg" />
      <amplif_factor s="1" t="1" />
    </TEXTURE>

    <TEXTURE id="faceCross">
      <file path="images/faceCross.png" />
      <amplif_factor s="1" t="1" />
    </TEXTURE>

    <TEXTURE id="faceAllTurns">
      <file path="images/faceAllTurns.png" />
      <amplif_factor s="1" t="1" />
    </TEXTURE>

    <TEXTURE id="faceStraight">
      <file path="images/faceStraight.png" />
      <amplif_factor s="1" t="1" />
    </TEXTURE>

    <TEXTURE id="faceBi">
      <file path="images/faceBi.png" />
      <amplif_factor s="1" t="1" />
    </TEXTURE>

    <TEXTURE id="faceTurnLeft">
      <file path="images/faceTurnLeft.png" />
      <amplif_factor s="1" t="1" />
    </TEXTURE>

    <TEXTURE id="faceTurnRight">
      <file path="images/faceTurnRight.png" />
      <amplif_factor s="1" t="1" />
    </TEXTURE>
  </TEXTURES>


  <MATERIALS>

    <!-- A default material -->
    <MATERIAL id="defaultMaterial">
      <shininess value="1" />
      <specular r="0.0" g="0.0" b="0.0" a="1" />
      <diffuse r="1" g="1" b="1" a="1" />
      <ambient r="0.4" g="0.4" b="0.4" a="1" />
      <emission r="0.0" g="0.0" b="0.0" a="1" />
    </MATERIAL>

  </MATERIALS>

  <ANIMATIONS>
  </ANIMATIONS>


  <!-- The leaves -->
  <LEAVES>
  </LEAVES>


  <!-- The nodes -->
  <NODES>

    <ROOT id="root" />

    <!-- The root node -->
    <NODE id="root">
      <MATERIAL id="defaultMaterial" />
      <TEXTURE id="null" />

      <DESCENDANTS>
        <NODEREF id="barragoon" />
      </DESCENDANTS>
    </NODE>

    <!-- The barragoon -->
    <NODE id="barragoon" selectable="true">
      <MATERIAL id="defaultMaterial" />
      <TEXTURE id="null" />

      <TRANSLATION x="-0.5" y="0" z="-0.5" />

      <DESCENDANTS>
        <NODEREF id="faceCross" />
        <NODEREF id="faceAllTurns" />
        <NODEREF id="faceTurnLeft" />
        <NODEREF id="faceTurnRight" />
        <NODEREF id="faceStraight" />
        <NODEREF id="faceBi" />
      </DESCENDANTS>
    </NODE>

    <NODE id="faceCross">
      <MATERIAL id="defaultMaterial" />
      <TEXTURE id="faceCross" />

      <TRANSLATION x="0" y="1" z="1" />
      <ROTATION axis="x" angle="-90" />

      <DESCENDANTS>
        <LEAF  type="rectangle" args="0 1 1 0" />
      </DESCENDANTS>
    </NODE>

    <NODE id="faceAllTurns">
      <MATERIAL id="defaultMaterial" />
      <TEXTURE id="faceAllTurns" />

      <ROTATION axis="x" angle="90" />

      <DESCENDANTS>
        <LEAF  type="rectangle" args="0 1 1 0" />
      </DESCENDANTS>
    </NODE>

    <NODE id="faceTurnLeft">
      <MATERIAL id="defaultMaterial" />
      <TEXTURE id="faceTurnLeft" />

      <ROTATION axis="y" angle="-90" />

      <DESCENDANTS>
        <LEAF  type="rectangle" args="0 1 1 0" />
      </DESCENDANTS>
    </NODE>

    <NODE id="faceTurnRight">
      <MATERIAL id="defaultMaterial" />
      <TEXTURE id="faceTurnRight" />

      <TRANSLATION x="1" y="0" z="1" />
      <ROTATION axis="y" angle="90" />

      <DESCENDANTS>
        <LEAF  type="rectangle" args="0 1 1 0" />
      </DESCENDANTS>
    </NODE>

    <NODE id="faceStraight">
      <MATERIAL id="defaultMaterial" />
      <TEXTURE id="faceStraight" />

      <TRANSLATION x="0" y="0" z="1" />

      <DESCENDANTS>
        <LEAF  type="rectangle" args="0 1 1 0" />
      </DESCENDANTS>
    </NODE>

    <NODE id="faceBi">
      <MATERIAL id="defaultMaterial" />
      <TEXTURE id="faceBi" />

      <TRANSLATION x="0" y="1" z="0" />
      <ROTATION axis="x" angle="-180" />

      <DESCENDANTS>
        <LEAF  type="rectangle" args="0 1 1 0" />
      </DESCENDANTS>
    </NODE>



  </NODES>

</SCENE>
